<DATA>

	<ROW>
		<Sr_no>1</Sr_no>
		<Student_ID(Aadhaar)>100040009</Student_ID(Aadhaar)>
		<Student_name>Nitin</Student_name>
		<Std>9</Std>
		<Student_division>B</Student_division>
	</ROW>

	<ROW>
		<Sr_no>2</Sr_no>
		<Student_ID(Aadhaar)>120023304</Student_ID(Aadhaar)>
		<Student_name>Ram</Student_name>
		<Std>9</Std>
		<Student_division>B</Student_division>
	</ROW>

	<ROW>
		<Sr_no>3</Sr_no>
		<Student_ID(Aadhaar)>710062003</Student_ID(Aadhaar)>
		<Student_name>Tanvi</Student_name>
		<Std>7</Std>
		<Student_division>B</Student_division>
	</ROW>

	<ROW>
		<Sr_no>4</Sr_no>
		<Student_ID(Aadhaar)>8080000090</Student_ID(Aadhaar)>
		<Student_name>Nirmala</Student_name>
		<Std>10</Std>
		<Student_division>C</Student_division>
	</ROW>

	<ROW>
		<Sr_no>5</Sr_no>
		<Student_ID(Aadhaar)>24312985967</Student_ID(Aadhaar)>
		<Student_name>Shanaya</Student_name>
		<Std>8</Std>
		<Student_division>C</Student_division>
	</ROW>

	<ROW>
		<Sr_no>6</Sr_no>
		<Student_ID(Aadhaar)>84321001111</Student_ID(Aadhaar)>
		<Student_name>Priya </Student_name>
		<Std>7</Std>
		<Student_division>C</Student_division>
	</ROW>

	<ROW>
		<Sr_no>7</Sr_no>
		<Student_ID(Aadhaar)>86238246999</Student_ID(Aadhaar)>
		<Student_name>Siya</Student_name>
		<Std>7</Std>
		<Student_division>B</Student_division>
	</ROW>

	<ROW>
		<Sr_no>8</Sr_no>
		<Student_ID(Aadhaar)>109097483624</Student_ID(Aadhaar)>
		<Student_name>Chaitanya</Student_name>
		<Std>7</Std>
		<Student_division>A</Student_division>
	</ROW>

	<ROW>
		<Sr_no>9</Sr_no>
		<Student_ID(Aadhaar)>111111110000</Student_ID(Aadhaar)>
		<Student_name>Saish</Student_name>
		<Std>8</Std>
		<Student_division>C</Student_division>
	</ROW>

	<ROW>
		<Sr_no>10</Sr_no>
		<Student_ID(Aadhaar)>111333313311</Student_ID(Aadhaar)>
		<Student_name>Pallavi </Student_name>
		<Std>9</Std>
		<Student_division>A</Student_division>
	</ROW>

	<ROW>
		<Sr_no>11</Sr_no>
		<Student_ID(Aadhaar)>120038424355</Student_ID(Aadhaar)>
		<Student_name>Rohan </Student_name>
		<Std>8</Std>
		<Student_division>C</Student_division>
	</ROW>

	<ROW>
		<Sr_no>12</Sr_no>
		<Student_ID(Aadhaar)>121212121010</Student_ID(Aadhaar)>
		<Student_name>Veena</Student_name>
		<Std>9</Std>
		<Student_division>C</Student_division>
	</ROW>

	<ROW>
		<Sr_no>13</Sr_no>
		<Student_ID(Aadhaar)>130520031404</Student_ID(Aadhaar)>
		<Student_name>Manav </Student_name>
		<Std>8</Std>
		<Student_division>A</Student_division>
	</ROW>

	<ROW>
		<Sr_no>14</Sr_no>
		<Student_ID(Aadhaar)>202030304040</Student_ID(Aadhaar)>
		<Student_name>Siddhi</Student_name>
		<Std>7</Std>
		<Student_division>B</Student_division>
	</ROW>

	<ROW>
		<Sr_no>15</Sr_no>
		<Student_ID(Aadhaar)>220077005500</Student_ID(Aadhaar)>
		<Student_name>Sushma </Student_name>
		<Std>10</Std>
		<Student_division>B</Student_division>
	</ROW>

	<ROW>
		<Sr_no>16</Sr_no>
		<Student_ID(Aadhaar)>222124762975</Student_ID(Aadhaar)>
		<Student_name>Megha</Student_name>
		<Std>7</Std>
		<Student_division>C</Student_division>
	</ROW>

	<ROW>
		<Sr_no>17</Sr_no>
		<Student_ID(Aadhaar)>222222280000</Student_ID(Aadhaar)>
		<Student_name>Akhil </Student_name>
		<Std>8</Std>
		<Student_division>B</Student_division>
	</ROW>

	<ROW>
		<Sr_no>18</Sr_no>
		<Student_ID(Aadhaar)>234567891220</Student_ID(Aadhaar)>
		<Student_name>Jaya</Student_name>
		<Std>10</Std>
		<Student_division>B</Student_division>
	</ROW>

	<ROW>
		<Sr_no>19</Sr_no>
		<Student_ID(Aadhaar)>244224422442</Student_ID(Aadhaar)>
		<Student_name>Shaila </Student_name>
		<Std>7</Std>
		<Student_division>B</Student_division>
	</ROW>

	<ROW>
		<Sr_no>20</Sr_no>
		<Student_ID(Aadhaar)>266224423442</Student_ID(Aadhaar)>
		<Student_name>Sowndarya</Student_name>
		<Std>10</Std>
		<Student_division>A</Student_division>
	</ROW>

	<ROW>
		<Sr_no>21</Sr_no>
		<Student_ID(Aadhaar)>333344445555</Student_ID(Aadhaar)>
		<Student_name>Piya </Student_name>
		<Std>8</Std>
		<Student_division>B</Student_division>
	</ROW>

	<ROW>
		<Sr_no>22</Sr_no>
		<Student_ID(Aadhaar)>343434343434</Student_ID(Aadhaar)>
		<Student_name>Sharvi </Student_name>
		<Std>8</Std>
		<Student_division>A</Student_division>
	</ROW>

	<ROW>
		<Sr_no>23</Sr_no>
		<Student_ID(Aadhaar)>348695325651</Student_ID(Aadhaar)>
		<Student_name>Saniya</Student_name>
		<Std>10</Std>
		<Student_division>C</Student_division>
	</ROW>

	<ROW>
		<Sr_no>24</Sr_no>
		<Student_ID(Aadhaar)>368462221444</Student_ID(Aadhaar)>
		<Student_name>Jinny </Student_name>
		<Std>8</Std>
		<Student_division>C</Student_division>
	</ROW>

	<ROW>
		<Sr_no>25</Sr_no>
		<Student_ID(Aadhaar)>382643332221</Student_ID(Aadhaar)>
		<Student_name>Sanika</Student_name>
		<Std>7</Std>
		<Student_division>B</Student_division>
	</ROW>

	<ROW>
		<Sr_no>26</Sr_no>
		<Student_ID(Aadhaar)>384465832761</Student_ID(Aadhaar)>
		<Student_name>Shyam</Student_name>
		<Std>8</Std>
		<Student_division>A</Student_division>
	</ROW>

	<ROW>
		<Sr_no>27</Sr_no>
		<Student_ID(Aadhaar)>468321118880</Student_ID(Aadhaar)>
		<Student_name>Gita </Student_name>
		<Std>7</Std>
		<Student_division>B</Student_division>
	</ROW>

	<ROW>
		<Sr_no>28</Sr_no>
		<Student_ID(Aadhaar)>486595310101</Student_ID(Aadhaar)>
		<Student_name>Anaya</Student_name>
		<Std>9</Std>
		<Student_division>A</Student_division>
	</ROW>

	<ROW>
		<Sr_no>29</Sr_no>
		<Student_ID(Aadhaar)>511111155111</Student_ID(Aadhaar)>
		<Student_name>Vijay</Student_name>
		<Std>10</Std>
		<Student_division>B</Student_division>
	</ROW>

	<ROW>
		<Sr_no>30</Sr_no>
		<Student_ID(Aadhaar)>543444442221</Student_ID(Aadhaar)>
		<Student_name>Vidhya</Student_name>
		<Std>10</Std>
		<Student_division>B</Student_division>
	</ROW>

	<ROW>
		<Sr_no>31</Sr_no>
		<Student_ID(Aadhaar)>555499928678</Student_ID(Aadhaar)>
		<Student_name>Sejal </Student_name>
		<Std>7</Std>
		<Student_division>B</Student_division>
	</ROW>

	<ROW>
		<Sr_no>32</Sr_no>
		<Student_ID(Aadhaar)>655583246789</Student_ID(Aadhaar)>
		<Student_name>Shreya</Student_name>
		<Std>9</Std>
		<Student_division>A</Student_division>
	</ROW>

	<ROW>
		<Sr_no>33</Sr_no>
		<Student_ID(Aadhaar)>666322202022</Student_ID(Aadhaar)>
		<Student_name>Ridhaan</Student_name>
		<Std>10</Std>
		<Student_division>A</Student_division>
	</ROW>

	<ROW>
		<Sr_no>34</Sr_no>
		<Student_ID(Aadhaar)>666622220009</Student_ID(Aadhaar)>
		<Student_name>Mahesh</Student_name>
		<Std>8</Std>
		<Student_division>A</Student_division>
	</ROW>

	<ROW>
		<Sr_no>35</Sr_no>
		<Student_ID(Aadhaar)>683466661224</Student_ID(Aadhaar)>
		<Student_name>Veda</Student_name>
		<Std>10</Std>
		<Student_division>C</Student_division>
	</ROW>

	<ROW>
		<Sr_no>36</Sr_no>
		<Student_ID(Aadhaar)>683848582818</Student_ID(Aadhaar)>
		<Student_name>Anannya</Student_name>
		<Std>8</Std>
		<Student_division>B</Student_division>
	</ROW>

	<ROW>
		<Sr_no>37</Sr_no>
		<Student_ID(Aadhaar)>777083408866</Student_ID(Aadhaar)>
		<Student_name>Riddhi</Student_name>
		<Std>10</Std>
		<Student_division>A</Student_division>
	</ROW>

	<ROW>
		<Sr_no>38</Sr_no>
		<Student_ID(Aadhaar)>800000031286</Student_ID(Aadhaar)>
		<Student_name>John</Student_name>
		<Std>9</Std>
		<Student_division>B</Student_division>
	</ROW>

	<ROW>
		<Sr_no>39</Sr_no>
		<Student_ID(Aadhaar)>806043405055</Student_ID(Aadhaar)>
		<Student_name>Tanya</Student_name>
		<Std>8</Std>
		<Student_division>C</Student_division>
	</ROW>

	<ROW>
		<Sr_no>40</Sr_no>
		<Student_ID(Aadhaar)>833854456776</Student_ID(Aadhaar)>
		<Student_name>Priyanka </Student_name>
		<Std>9</Std>
		<Student_division>A</Student_division>
	</ROW>

	<ROW>
		<Sr_no>41</Sr_no>
		<Student_ID(Aadhaar)>835509999990</Student_ID(Aadhaar)>
		<Student_name>Ravi</Student_name>
		<Std>9</Std>
		<Student_division>B</Student_division>
	</ROW>

	<ROW>
		<Sr_no>42</Sr_no>
		<Student_ID(Aadhaar)>865328641366</Student_ID(Aadhaar)>
		<Student_name>Jack</Student_name>
		<Std>8</Std>
		<Student_division>B</Student_division>
	</ROW>

	<ROW>
		<Sr_no>43</Sr_no>
		<Student_ID(Aadhaar)>865344895328</Student_ID(Aadhaar)>
		<Student_name>Diya</Student_name>
		<Std>9</Std>
		<Student_division>B</Student_division>
	</ROW>

	<ROW>
		<Sr_no>44</Sr_no>
		<Student_ID(Aadhaar)>888888888873</Student_ID(Aadhaar)>
		<Student_name>Sakshi</Student_name>
		<Std>8</Std>
		<Student_division>A</Student_division>
	</ROW>

	<ROW>
		<Sr_no>45</Sr_no>
		<Student_ID(Aadhaar)>908998753721</Student_ID(Aadhaar)>
		<Student_name>Akshay</Student_name>
		<Std>9</Std>
		<Student_division>B</Student_division>
	</ROW>

	<ROW>
		<Sr_no>46</Sr_no>
		<Student_ID(Aadhaar)>986654302929</Student_ID(Aadhaar)>
		<Student_name>Arjun</Student_name>
		<Std>7</Std>
		<Student_division>C</Student_division>
	</ROW>

	<ROW>
		<Sr_no>47</Sr_no>
		<Student_ID(Aadhaar)>987654321000</Student_ID(Aadhaar)>
		<Student_name>Soumya</Student_name>
		<Std>7</Std>
		<Student_division>C</Student_division>
	</ROW>

	<ROW>
		<Sr_no>48</Sr_no>
		<Student_ID(Aadhaar)>995544483389</Student_ID(Aadhaar)>
		<Student_name>Viana </Student_name>
		<Std>8</Std>
		<Student_division>A</Student_division>
	</ROW>

	<ROW>
		<Sr_no>49</Sr_no>
		<Student_ID(Aadhaar)>999344421604</Student_ID(Aadhaar)>
		<Student_name>Varada</Student_name>
		<Std>10</Std>
		<Student_division>A</Student_division>
	</ROW>

	<ROW>
		<Sr_no>50</Sr_no>
		<Student_ID(Aadhaar)>999999999999</Student_ID(Aadhaar)>
		<Student_name>Vriddhi </Student_name>
		<Std>9</Std>
		<Student_division>C</Student_division>
	</ROW>
</DATA>
