<?xml version="1.0"?>

<resultset statement="SELECT * FROM aadhaar_db.student_new
LIMIT 0, 1000
"
xmlns:xsi="http://www.w3.org/2001/XMLSchema-instance">

	<row>
		<field name="Sr_no">1</field>
		<field name="Student_ID(Aadhaar)">100040009</field>
		<field name="Student_name">Nitin</field>
		<field name="Std">9</field>
		<field name="Student_division">B</field>
	</row>

	<row>
		<field name="Sr_no">2</field>
		<field name="Student_ID(Aadhaar)">120023304</field>
		<field name="Student_name">Ram</field>
		<field name="Std">9</field>
		<field name="Student_division">B</field>
	</row>

	<row>
		<field name="Sr_no">3</field>
		<field name="Student_ID(Aadhaar)">710062003</field>
		<field name="Student_name">Tanvi</field>
		<field name="Std">7</field>
		<field name="Student_division">B</field>
	</row>

	<row>
		<field name="Sr_no">4</field>
		<field name="Student_ID(Aadhaar)">8080000090</field>
		<field name="Student_name">Nirmala</field>
		<field name="Std">10</field>
		<field name="Student_division">C</field>
	</row>

	<row>
		<field name="Sr_no">5</field>
		<field name="Student_ID(Aadhaar)">24312985967</field>
		<field name="Student_name">Shanaya</field>
		<field name="Std">8</field>
		<field name="Student_division">C</field>
	</row>

	<row>
		<field name="Sr_no">6</field>
		<field name="Student_ID(Aadhaar)">84321001111</field>
		<field name="Student_name">Priya </field>
		<field name="Std">7</field>
		<field name="Student_division">C</field>
	</row>

	<row>
		<field name="Sr_no">7</field>
		<field name="Student_ID(Aadhaar)">86238246999</field>
		<field name="Student_name">Siya</field>
		<field name="Std">7</field>
		<field name="Student_division">B</field>
	</row>

	<row>
		<field name="Sr_no">8</field>
		<field name="Student_ID(Aadhaar)">109097483624</field>
		<field name="Student_name">Chaitanya</field>
		<field name="Std">7</field>
		<field name="Student_division">A</field>
	</row>

	<row>
		<field name="Sr_no">9</field>
		<field name="Student_ID(Aadhaar)">111111110000</field>
		<field name="Student_name">Saish</field>
		<field name="Std">8</field>
		<field name="Student_division">C</field>
	</row>

	<row>
		<field name="Sr_no">10</field>
		<field name="Student_ID(Aadhaar)">111333313311</field>
		<field name="Student_name">Pallavi </field>
		<field name="Std">9</field>
		<field name="Student_division">A</field>
	</row>

	<row>
		<field name="Sr_no">11</field>
		<field name="Student_ID(Aadhaar)">120038424355</field>
		<field name="Student_name">Rohan </field>
		<field name="Std">8</field>
		<field name="Student_division">C</field>
	</row>

	<row>
		<field name="Sr_no">12</field>
		<field name="Student_ID(Aadhaar)">121212121010</field>
		<field name="Student_name">Veena</field>
		<field name="Std">9</field>
		<field name="Student_division">C</field>
	</row>

	<row>
		<field name="Sr_no">13</field>
		<field name="Student_ID(Aadhaar)">130520031404</field>
		<field name="Student_name">Manav </field>
		<field name="Std">8</field>
		<field name="Student_division">A</field>
	</row>

	<row>
		<field name="Sr_no">14</field>
		<field name="Student_ID(Aadhaar)">202030304040</field>
		<field name="Student_name">Siddhi</field>
		<field name="Std">7</field>
		<field name="Student_division">B</field>
	</row>

	<row>
		<field name="Sr_no">15</field>
		<field name="Student_ID(Aadhaar)">220077005500</field>
		<field name="Student_name">Sushma </field>
		<field name="Std">10</field>
		<field name="Student_division">B</field>
	</row>

	<row>
		<field name="Sr_no">16</field>
		<field name="Student_ID(Aadhaar)">222124762975</field>
		<field name="Student_name">Megha</field>
		<field name="Std">7</field>
		<field name="Student_division">C</field>
	</row>

	<row>
		<field name="Sr_no">17</field>
		<field name="Student_ID(Aadhaar)">222222280000</field>
		<field name="Student_name">Akhil </field>
		<field name="Std">8</field>
		<field name="Student_division">B</field>
	</row>

	<row>
		<field name="Sr_no">18</field>
		<field name="Student_ID(Aadhaar)">234567891220</field>
		<field name="Student_name">Jaya</field>
		<field name="Std">10</field>
		<field name="Student_division">B</field>
	</row>

	<row>
		<field name="Sr_no">19</field>
		<field name="Student_ID(Aadhaar)">244224422442</field>
		<field name="Student_name">Shaila </field>
		<field name="Std">7</field>
		<field name="Student_division">B</field>
	</row>

	<row>
		<field name="Sr_no">20</field>
		<field name="Student_ID(Aadhaar)">266224423442</field>
		<field name="Student_name">Sowndarya</field>
		<field name="Std">10</field>
		<field name="Student_division">A</field>
	</row>

	<row>
		<field name="Sr_no">21</field>
		<field name="Student_ID(Aadhaar)">333344445555</field>
		<field name="Student_name">Piya </field>
		<field name="Std">8</field>
		<field name="Student_division">B</field>
	</row>

	<row>
		<field name="Sr_no">22</field>
		<field name="Student_ID(Aadhaar)">343434343434</field>
		<field name="Student_name">Sharvi </field>
		<field name="Std">8</field>
		<field name="Student_division">A</field>
	</row>

	<row>
		<field name="Sr_no">23</field>
		<field name="Student_ID(Aadhaar)">348695325651</field>
		<field name="Student_name">Saniya</field>
		<field name="Std">10</field>
		<field name="Student_division">C</field>
	</row>

	<row>
		<field name="Sr_no">24</field>
		<field name="Student_ID(Aadhaar)">368462221444</field>
		<field name="Student_name">Jinny </field>
		<field name="Std">8</field>
		<field name="Student_division">C</field>
	</row>

	<row>
		<field name="Sr_no">25</field>
		<field name="Student_ID(Aadhaar)">382643332221</field>
		<field name="Student_name">Sanika</field>
		<field name="Std">7</field>
		<field name="Student_division">B</field>
	</row>

	<row>
		<field name="Sr_no">26</field>
		<field name="Student_ID(Aadhaar)">384465832761</field>
		<field name="Student_name">Shyam</field>
		<field name="Std">8</field>
		<field name="Student_division">A</field>
	</row>

	<row>
		<field name="Sr_no">27</field>
		<field name="Student_ID(Aadhaar)">468321118880</field>
		<field name="Student_name">Gita </field>
		<field name="Std">7</field>
		<field name="Student_division">B</field>
	</row>

	<row>
		<field name="Sr_no">28</field>
		<field name="Student_ID(Aadhaar)">486595310101</field>
		<field name="Student_name">Anaya</field>
		<field name="Std">9</field>
		<field name="Student_division">A</field>
	</row>

	<row>
		<field name="Sr_no">29</field>
		<field name="Student_ID(Aadhaar)">511111155111</field>
		<field name="Student_name">Vijay</field>
		<field name="Std">10</field>
		<field name="Student_division">B</field>
	</row>

	<row>
		<field name="Sr_no">30</field>
		<field name="Student_ID(Aadhaar)">543444442221</field>
		<field name="Student_name">Vidhya</field>
		<field name="Std">10</field>
		<field name="Student_division">B</field>
	</row>

	<row>
		<field name="Sr_no">31</field>
		<field name="Student_ID(Aadhaar)">555499928678</field>
		<field name="Student_name">Sejal </field>
		<field name="Std">7</field>
		<field name="Student_division">B</field>
	</row>

	<row>
		<field name="Sr_no">32</field>
		<field name="Student_ID(Aadhaar)">655583246789</field>
		<field name="Student_name">Shreya</field>
		<field name="Std">9</field>
		<field name="Student_division">A</field>
	</row>

	<row>
		<field name="Sr_no">33</field>
		<field name="Student_ID(Aadhaar)">666322202022</field>
		<field name="Student_name">Ridhaan</field>
		<field name="Std">10</field>
		<field name="Student_division">A</field>
	</row>

	<row>
		<field name="Sr_no">34</field>
		<field name="Student_ID(Aadhaar)">666622220009</field>
		<field name="Student_name">Mahesh</field>
		<field name="Std">8</field>
		<field name="Student_division">A</field>
	</row>

	<row>
		<field name="Sr_no">35</field>
		<field name="Student_ID(Aadhaar)">683466661224</field>
		<field name="Student_name">Veda</field>
		<field name="Std">10</field>
		<field name="Student_division">C</field>
	</row>

	<row>
		<field name="Sr_no">36</field>
		<field name="Student_ID(Aadhaar)">683848582818</field>
		<field name="Student_name">Anannya</field>
		<field name="Std">8</field>
		<field name="Student_division">B</field>
	</row>

	<row>
		<field name="Sr_no">37</field>
		<field name="Student_ID(Aadhaar)">777083408866</field>
		<field name="Student_name">Riddhi</field>
		<field name="Std">10</field>
		<field name="Student_division">A</field>
	</row>

	<row>
		<field name="Sr_no">38</field>
		<field name="Student_ID(Aadhaar)">800000031286</field>
		<field name="Student_name">John</field>
		<field name="Std">9</field>
		<field name="Student_division">B</field>
	</row>

	<row>
		<field name="Sr_no">39</field>
		<field name="Student_ID(Aadhaar)">806043405055</field>
		<field name="Student_name">Tanya</field>
		<field name="Std">8</field>
		<field name="Student_division">C</field>
	</row>

	<row>
		<field name="Sr_no">40</field>
		<field name="Student_ID(Aadhaar)">833854456776</field>
		<field name="Student_name">Priyanka </field>
		<field name="Std">9</field>
		<field name="Student_division">A</field>
	</row>

	<row>
		<field name="Sr_no">41</field>
		<field name="Student_ID(Aadhaar)">835509999990</field>
		<field name="Student_name">Ravi</field>
		<field name="Std">9</field>
		<field name="Student_division">B</field>
	</row>

	<row>
		<field name="Sr_no">42</field>
		<field name="Student_ID(Aadhaar)">865328641366</field>
		<field name="Student_name">Jack</field>
		<field name="Std">8</field>
		<field name="Student_division">B</field>
	</row>

	<row>
		<field name="Sr_no">43</field>
		<field name="Student_ID(Aadhaar)">865344895328</field>
		<field name="Student_name">Diya</field>
		<field name="Std">9</field>
		<field name="Student_division">B</field>
	</row>

	<row>
		<field name="Sr_no">44</field>
		<field name="Student_ID(Aadhaar)">888888888873</field>
		<field name="Student_name">Sakshi</field>
		<field name="Std">8</field>
		<field name="Student_division">A</field>
	</row>

	<row>
		<field name="Sr_no">45</field>
		<field name="Student_ID(Aadhaar)">908998753721</field>
		<field name="Student_name">Akshay</field>
		<field name="Std">9</field>
		<field name="Student_division">B</field>
	</row>

	<row>
		<field name="Sr_no">46</field>
		<field name="Student_ID(Aadhaar)">986654302929</field>
		<field name="Student_name">Arjun</field>
		<field name="Std">7</field>
		<field name="Student_division">C</field>
	</row>

	<row>
		<field name="Sr_no">47</field>
		<field name="Student_ID(Aadhaar)">987654321000</field>
		<field name="Student_name">Soumya</field>
		<field name="Std">7</field>
		<field name="Student_division">C</field>
	</row>

	<row>
		<field name="Sr_no">48</field>
		<field name="Student_ID(Aadhaar)">995544483389</field>
		<field name="Student_name">Viana </field>
		<field name="Std">8</field>
		<field name="Student_division">A</field>
	</row>

	<row>
		<field name="Sr_no">49</field>
		<field name="Student_ID(Aadhaar)">999344421604</field>
		<field name="Student_name">Varada</field>
		<field name="Std">10</field>
		<field name="Student_division">A</field>
	</row>

	<row>
		<field name="Sr_no">50</field>
		<field name="Student_ID(Aadhaar)">999999999999</field>
		<field name="Student_name">Vriddhi </field>
		<field name="Std">9</field>
		<field name="Student_division">C</field>
	</row>
</resultset>
